Question,Answer
"Hello","Hi there! How can I assist you today? You can ask about orders, products, returns, shipping, or account issues."
"Hii","Hello! How can I help you? You can ask about discounts, refunds, product replacements, or anything else."
"Hi","Hi! What can I do for you today? Ask me about delivery times, troubleshooting, or account help."
"Thank you","You're welcome! Is there anything else I can assist you with, such as order updates or product questions?"
"Thanks","Happy to help! Let me know if you need assistance with tracking your order, returns, or anything else."
"How are you?","I’m here and ready to assist you! Let me know if you have questions about products, policies, or anything else."
"Do you have any discount codes?","Yes! Use code SAVE20 for 20% off on selected items. Need help applying it at checkout?"
"Can you find me a valid code?","Sure! Here’s a discount code: WELCOME10 for 10% off your first order. Would you like help using it?"
"How do I apply a discount code?","At checkout, enter your discount code in the 'Promo Code' box. Do you need help finding the box?"
"Do you offer discounts?","Yes, we have regular promotions! Check our website's 'Offers' section or subscribe to our newsletter for the latest deals."
"What payment methods do you accept?","We accept credit/debit cards, PayPal, and bank transfers. Need help with payment issues or checkout?"
"Why was my payment declined?","Payments can fail due to insufficient funds or incorrect details. Double-check your card or try another method."
"How can I reset my password?","Click 'Forgot Password' on the login page. Need help receiving the reset email?"
"Can I change my account details?","Yes! Go to 'Account Settings' to update your email, phone number, or address. Need help finding it?"
"How do I update my billing address?","Log in to your account, go to 'Billing Details,' and make the changes. Need help saving them?"
"Where can I find your privacy policy?","Our privacy policy is available on the 'Privacy' page of our website. Do you have any specific concerns?"
"Can I cancel my order?","Yes, you can cancel your order within 24 hours of placing it. Need help finding your order number?"
"Can I return an item?","Yes, you can return items within 30 days of delivery. Would you like me to guide you through the process?"
"How long does a refund take?","Refunds typically take 5-7 business days. Need help checking the status of your refund?"
"Where is my refund?","You can track your refund in the 'My Orders' section of your account. Need help accessing it?"
"How do I track my order?","You can track your order using the tracking number sent to your email. Would you like me to find it for you?"
"Where is my order confirmation email?","Check your spam folder or contact support if you didn’t receive it. Need help resending it?"
"How long does shipping take?","Standard shipping takes 3-5 days, and international shipping takes 7-14 days. Need help with express shipping?"
"Why is my order delayed?","Delays may occur due to high demand or shipping issues. Would you like me to check your order status?"
"What happens if I miss my delivery?","Missed deliveries are usually rescheduled. Need help contacting the courier for a new delivery date?"
"Do you ship internationally?","Yes, we ship worldwide! Would you like to know about shipping fees or delivery times for your country?"
"Can I expedite my shipping?","Yes, we offer express shipping at an extra charge. Would you like me to calculate the cost for your order?"
"What is your return policy?","Our return policy allows returns within 30 days of delivery. Would you like to start a return request?"
"What do I do if I receive the wrong product?","Contact support with your order details, and we'll help you arrange a return or replacement."
"Can I get a replacement?","Yes, we offer replacements for defective or wrong items. Would you like help starting the process?"
"What is your replacement policy?","We replace items that are defective, damaged, or incorrect. Let me know if you'd like to request one!"
"How do I cancel a return request?","Contact support to cancel a return request. Need help finding your request details?"
"What is your warranty policy?","Our products come with a 1-year warranty for manufacturing defects. Need help making a warranty claim?"
"How can I report a defective product?","Please contact support with your order number and product details. Would you like to start the process?"
"Can I get a refund if I don’t like the product?","Yes, you can return the product within 30 days for a refund. Would you like to initiate a return?"
"Do you have a mobile app?","Yes! Download it from the App Store or Google Play. Need help setting it up?"
"How do I unsubscribe from emails?","Click 'Unsubscribe' at the bottom of any email. Need help managing your preferences?"
"Why is my account locked?","Accounts can be locked for security reasons. Would you like help unlocking it?"
"Do you offer gift wrapping?","Yes, gift wrapping is available during checkout. Would you like me to calculate the cost?"
"Can I change my delivery address?","If your order hasn't shipped yet, you can change the address by contacting support. Need help with this?"
"How do I report an issue with my delivery?","Contact the courier with your tracking number, or let me help you escalate the issue."
"Can I contact customer support?","Yes, reach us at support@example.com or call 1-800-123-4567. Need help connecting?"
"Where can I leave a review?","You can leave a review on the product page under 'Reviews.' Need help finding it?"
"How do I contact live chat support?","Click the 'Chat' icon on our website for real-time assistance. Need help finding the icon?"
"Order tracking","You can track your order by entering the tracking number you received in the confirmation email. Do you need help finding it?"
"finding order","To locate your order details, you can log into your account and check the 'My Orders' section. Would you like me to guide you through it?"
"Anything else","I can assist you with a variety of topics such as order tracking, payment issues, returns, and much more. What would you like help with?"
"Need locate order tracking","To locate your order details, log into your account and check the 'My Orders' section. Would you like me to guide you through it?"
"Guide me","I can guide you through the process of order tracking, returns, or updating your account details. What would you like help with?"
"What questions can I ask you?","You can ask about order tracking, discounts, refunds, product replacements, account help, and much more! How can I assist you today?"
"Help me","I can assist with tracking orders, refunds, payments, returns, or product inquiries. What would you like help with?"
"Refunds","Refunds typically take 5-7 business days. Need help checking the status of your refund?"
"Orders", "You can track your order using the tracking number sent to your email. Would you like me to find it for you?"
"Products", "Please contact support with your order number and product details. Would you like to start the process?"
"Returns", "You can return items within 30 days of delivery. Would you like me to guide you through the process?"
"Unlocking", "Accounts can be locked for security reasons. We can not unlock it"